{
    "initial_real": 21.802025789411434,
    "initial_target": 21.39001900283988,
    "initial_loU": 0.9779527559055118,
    "coverage_real": 10.23168936582867,
    "coverage_target": 5.375350079878628,
    "loU_with_target": 0.29310344827586204,
    "RUnf_with_target": 0.384213054235663
}