{
    "initial_real": 18.456441378098088,
    "initial_target": 18.55593701895037,
    "initial_loU": 0.9707446808510638,
    "coverage_real": 5.514215096636147,
    "coverage_target": 5.1669192994566915,
    "loU_with_target": 0.0,
    "RUnf_with_target": 4.312903523849132
}