{
    "initial_real": 18.38182032264772,
    "initial_target": 18.73005507842183,
    "initial_loU": 0.9642384105960264,
    "coverage_real": 5.6925681705560445,
    "coverage_target": 5.118061145578593,
    "loU_with_target": 0.4742857142857143,
    "RUnf_with_target": 0.2530151916388821,
    "rate_initial_fin_rect": 0.30935721462845545,
    "ract_ratio": 0.8229490194328252
}