{
    "initial_real": 23.170939498736463,
    "initial_target": 22.78240240348326,
    "initial_loU": 0.9742033383915023,
    "coverage_real": 7.942816836830294,
    "coverage_target": 7.887297632494648,
    "loU_with_target": 0.3481989708404803,
    "RUnf_with_target": 0.35501297628639206
}