{
    "initial_real": 23.10029639050861,
    "initial_target": 22.78240240348326,
    "initial_loU": 0.974124809741248,
    "coverage_real": 9.807542704605028,
    "coverage_target": 7.856487876117716,
    "loU_with_target": 0.0453920220082531,
    "RUnf_with_target": 1.3633734341123054
}