{
    "initial_real": 18.50618919852423,
    "initial_target": 18.48131528831116,
    "initial_loU": 0.9655172413793104,
    "coverage_real": 5.500365098303982,
    "coverage_target": 5.1669192994566915,
    "loU_with_target": 0.15240641711229946,
    "RUnf_with_target": 0.5986144548031955
}