{
    "initial_real": 21.870693587173363,
    "initial_target": 21.596022396125658,
    "initial_loU": 0.9765258215962441,
    "coverage_real": 11.785263397688693,
    "coverage_target": 5.369003739760708,
    "loU_with_target": 0.4794069192751236,
    "RUnf_with_target": 0.27021363353875666
}