{
    "initial_real": 21.802025789411434,
    "initial_target": 21.49302069948277,
    "initial_loU": 0.9826771653543307,
    "coverage_real": 8.431728797171719,
    "coverage_target": 5.369003739760708,
    "loU_with_target": 0.09628378378378379,
    "RUnf_with_target": 1.0737845928177379
}