{
    "initial_real": 18.65543265980265,
    "initial_target": 18.58081092916344,
    "initial_loU": 0.9707446808510638,
    "coverage_real": 7.523620140713379,
    "coverage_target": 5.173026769077798,
    "loU_with_target": 0.07872696817420435,
    "RUnf_with_target": 1.134264245580182
}