{
    "initial_real": 12.311769713898334,
    "initial_target": 11.963323401240833,
    "initial_loU": 0.9478584729981379,
    "coverage_real": 6.271389429334511,
    "coverage_target": 4.367383299826525,
    "loU_with_target": 0.2658569500674764,
    "RUnf_with_target": 0.46375431532232547,
    "rate_initial_fin_rect": 0.3896559823282894,
    "ract_ratio": 0.7726761966417006
}