{
    "initial_real": 22.994331728166824,
    "initial_target": 22.92368861993897,
    "initial_loU": 0.9756468797564688,
    "coverage_real": 11.407176673390392,
    "coverage_target": 7.856487876117716,
    "loU_with_target": 0.3582089552238806,
    "RUnf_with_target": 0.4015542812021645
}