{
    "initial_real": 30.41068695258956,
    "initial_target": 30.480516314133975,
    "initial_loU": 0.9736540664375716,
    "coverage_real": 11.473783968861092,
    "coverage_target": 10.480271336873216,
    "loU_with_target": 0.4743243243243243,
    "RUnf_with_target": 0.3639757274552542
}