{
    "initial_real": 21.836359688292397,
    "initial_target": 21.35568510395892,
    "initial_loU": 0.9733124018838305,
    "coverage_real": 11.696826941158957,
    "coverage_target": 5.369003739760708,
    "loU_with_target": 0.109717868338558,
    "RUnf_with_target": 0.874911524474898
}