{
    "initial_real": 21.939361384935285,
    "initial_target": 21.39001900283988,
    "initial_loU": 0.9795275590551181,
    "coverage_real": 10.56236821935608,
    "coverage_target": 5.3816964199965485,
    "loU_with_target": 0.07234726688102894,
    "RUnf_with_target": 1.0323070101371281
}