{
    "initial_real": 21.802025789411434,
    "initial_target": 21.52735459836373,
    "initial_loU": 0.9858267716535433,
    "coverage_real": 9.398879497676166,
    "coverage_target": 5.3816964199965485,
    "loU_with_target": 0.21683309557774608,
    "RUnf_with_target": 0.7073703398753505
}