{
    "initial_real": 15.546201913813881,
    "initial_target": 15.23835633136212,
    "initial_loU": 0.9736842105263158,
    "coverage_real": 5.883718091323652,
    "coverage_target": 4.54732406523129,
    "loU_with_target": 0.5574018126888217,
    "RUnf_with_target": 0.2092652913757028,
    "rate_initial_fin_rect": 0.36957814703446124,
    "ract_ratio": 0.7500518458593972
}