{
    "initial_real": 30.41068695258956,
    "initial_target": 30.480516314133975,
    "initial_loU": 0.9747995418098511,
    "coverage_real": 15.475398910430872,
    "coverage_target": 10.480271336873216,
    "loU_with_target": 0.6142433234421365,
    "RUnf_with_target": 0.1827216424918831
}