{
    "initial_real": 18.43156746788502,
    "initial_target": 18.456441378098088,
    "initial_loU": 0.966711051930759,
    "coverage_real": 6.392525532390471,
    "coverage_target": 5.160811829835584,
    "loU_with_target": 0.04505813953488372,
    "RUnf_with_target": 1.6958788935854385
}