{
    "initial_real": 22.92368861993897,
    "initial_target": 22.888367065825044,
    "initial_loU": 0.9786259541984733,
    "coverage_real": 8.44242795663437,
    "coverage_target": 7.887297632494648,
    "loU_with_target": 0.015220700152207,
    "RUnf_with_target": 1.8248955778787574
}