{
    "initial_real": 30.41068695258956,
    "initial_target": 30.480516314133975,
    "initial_loU": 0.9804597701149426,
    "coverage_real": 14.904503890737288,
    "coverage_target": 10.492086749879837,
    "loU_with_target": 0.17083946980854198,
    "RUnf_with_target": 0.6736690731088438
}