{
    "initial_real": 21.76769189053047,
    "initial_target": 21.52735459836373,
    "initial_loU": 0.9795918367346939,
    "coverage_real": 11.23733498377963,
    "coverage_target": 5.39438910023239,
    "loU_with_target": 0.2682060390763766,
    "RUnf_with_target": 0.42884748232094305
}