{
    "initial_real": 18.506189198524233,
    "initial_target": 18.65543265980265,
    "initial_loU": 0.9656538969616909,
    "coverage_real": 8.940921585630342,
    "coverage_target": 5.1669192994566915,
    "loU_with_target": 0.3356940509915014,
    "RUnf_with_target": 0.4709682116993007
}