{
    "initial_real": 19.452339565888437,
    "initial_target": 19.475607914651462,
    "initial_loU": 0.9881093935790726,
    "coverage_real": 8.25265854744166,
    "coverage_target": 11.2950416944476,
    "loU_with_target": 0.6585365853658537,
    "RUnf_with_target": 0.15301869687801634,
    "rate_initial_fin_rect": 0.5584152591196718,
    "ract_ratio": 0.7049129596386283
}