{
    "initial_real": 21.836359688292397,
    "initial_target": 21.424352901720844,
    "initial_loU": 0.9826498422712934,
    "coverage_real": 7.61842683386441,
    "coverage_target": 5.3816964199965485,
    "loU_with_target": 0.5844961240310077,
    "RUnf_with_target": 0.18029635416182513
}