{
    "initial_real": 21.76769189053047,
    "initial_target": 21.561688497244695,
    "initial_loU": 0.9826771653543307,
    "coverage_real": 7.863169995994844,
    "coverage_target": 5.369003739760708,
    "loU_with_target": 0.5909694555112882,
    "RUnf_with_target": 0.19713317493623003
}