{
    "initial_real": 21.73335799164951,
    "initial_target": 21.561688497244695,
    "initial_loU": 0.9826771653543307,
    "coverage_real": 10.203807127367844,
    "coverage_target": 5.3816964199965485,
    "loU_with_target": 0.2,
    "RUnf_with_target": 0.45312888301023657
}