{
    "initial_real": 21.836359688292397,
    "initial_target": 21.52735459836373,
    "initial_loU": 0.9811320754716981,
    "coverage_real": 11.430380425148051,
    "coverage_target": 5.375350079878628,
    "loU_with_target": 0.48095238095238096,
    "RUnf_with_target": 0.3238037860984555
}