{
    "initial_real": 23.78293849849116,
    "initial_target": 23.782938498491156,
    "initial_loU": 0.9919447640966629,
    "coverage_real": 9.980973749863528,
    "coverage_target": 12.345354282396643,
    "loU_with_target": 0.75,
    "RUnf_with_target": 0.14094028145782495,
    "rate_initial_fin_rect": 0.515548226010047,
    "ract_ratio": 0.7837954296193714
}