{
    "initial_real": 21.802025789411434,
    "initial_target": 21.49302069948277,
    "initial_loU": 0.9873617693522907,
    "coverage_real": 9.29143427967447,
    "coverage_target": 5.3816964199965485,
    "loU_with_target": 0.2524407252440725,
    "RUnf_with_target": 0.4989913213996556
}