{
    "initial_real": 30.340857591045157,
    "initial_target": 30.445601633361772,
    "initial_loU": 0.9736238532110092,
    "coverage_real": 19.270626666269663,
    "coverage_target": 10.492086749879837,
    "loU_with_target": 0.5507462686567164,
    "RUnf_with_target": 0.2252455124852801
}