{
    "initial_real": 21.836359688292397,
    "initial_target": 21.39001900283988,
    "initial_loU": 0.976303317535545,
    "coverage_real": 9.9771896620538,
    "coverage_target": 5.3816964199965485,
    "loU_with_target": 0.21021021021021022,
    "RUnf_with_target": 0.5570816391035756
}