{
    "initial_real": 23.029653282280755,
    "initial_target": 22.853045511711116,
    "initial_loU": 0.9771689497716894,
    "coverage_real": 9.043797145272038,
    "coverage_target": 7.846217957325405,
    "loU_with_target": 0.007836990595611285,
    "RUnf_with_target": 1.8830255277267618
}