{
    "initial_real": 21.802025789411434,
    "initial_target": 21.49302069948277,
    "initial_loU": 0.9779874213836478,
    "coverage_real": 10.390914006515047,
    "coverage_target": 5.362657399642788,
    "loU_with_target": 0.33525179856115106,
    "RUnf_with_target": 0.34497055861402887
}