{
    "initial_real": 22.9590101740529,
    "initial_target": 22.78240240348326,
    "initial_loU": 0.9770992366412213,
    "coverage_real": 7.614354986513426,
    "coverage_target": 7.856487876117716,
    "loU_with_target": 0.16544117647058823,
    "RUnf_with_target": 0.5705754907491503
}