{
    "initial_real": 22.9590101740529,
    "initial_target": 22.78240240348326,
    "initial_loU": 0.9725609756097561,
    "coverage_real": 8.262848429555614,
    "coverage_target": 7.887297632494648,
    "loU_with_target": 0.34494773519163763,
    "RUnf_with_target": 0.4087102477826196
}