{
    "initial_real": 34.671575805432575,
    "initial_target": 34.63186036922933,
    "initial_loU": 0.977116704805492,
    "coverage_real": 17.150230252232966,
    "coverage_target": 11.29540620933807,
    "loU_with_target": 0.5899705014749262,
    "RUnf_with_target": 0.2678749523907358
}