{
    "initial_real": 18.5310631087373,
    "initial_target": 18.605684839376508,
    "initial_loU": 0.9656538969616909,
    "coverage_real": 7.1645529735779245,
    "coverage_target": 5.173026769077798,
    "loU_with_target": 0.4090909090909091,
    "RUnf_with_target": 0.26618410072436655
}