{
    "initial_real": 18.531063108737296,
    "initial_target": 18.58081092916344,
    "initial_loU": 0.9733333333333334,
    "coverage_real": 6.483802170326181,
    "coverage_target": 5.179134238698905,
    "loU_with_target": 0.0990990990990991,
    "RUnf_with_target": 1.1154428583404465
}