{
    "initial_real": 23.170939498736463,
    "initial_target": 23.029653282280755,
    "initial_loU": 0.9848024316109423,
    "coverage_real": 10.184120570246487,
    "coverage_target": 7.856487876117716,
    "loU_with_target": 0.061313868613138686,
    "RUnf_with_target": 1.1945948636197543
}