{
    "loU_with_target": 0.5593471810089021,
    "RUnf_with_target": 0.24844888101741655,
    "coverage_rate_real": 0.5370051662236426,
    "coverage_rate_target": 0.37154247443629385
}