{
    "loU_with_target": 0.5388535031847134,
    "RUnf_with_target": 0.15287082847904992,
    "coverage_rate_real": 0.4432360100815638,
    "coverage_rate_target": 0.31138318373409396
}