{
    "initial_real": 22.994331728166824,
    "initial_target": 22.78240240348326,
    "initial_loU": 0.9740853658536586,
    "coverage_real": 7.743278503702745,
    "coverage_target": 7.856487876117716,
    "loU_with_target": 0.35752212389380533,
    "RUnf_with_target": 0.3356341033405652
}