{
    "initial_real": 18.531063108737296,
    "initial_target": 18.58081092916344,
    "initial_loU": 0.9680851063829787,
    "coverage_real": 5.5828072756365765,
    "coverage_target": 5.179134238698905,
    "loU_with_target": 0.1332398316970547,
    "RUnf_with_target": 0.6513386528229589
}