{
    "initial_real": 18.456441378098088,
    "initial_target": 18.58081092916344,
    "initial_loU": 0.9707446808510638,
    "coverage_real": 9.43489595297837,
    "coverage_target": 5.1669192994566915,
    "loU_with_target": 0.4391304347826087,
    "RUnf_with_target": 0.2891897744662314
}