{
    "initial_real": 18.481315288311162,
    "initial_target": 18.55593701895037,
    "initial_loU": 0.9733333333333334,
    "coverage_real": 6.736065359828623,
    "coverage_target": 5.1669192994566915,
    "loU_with_target": 0.4177777777777778,
    "RUnf_with_target": 0.24792406717012827
}