{
    "initial_real": 21.870693587173363,
    "initial_target": 21.39001900283988,
    "initial_loU": 0.9748822605965463,
    "coverage_real": 8.285382070963266,
    "coverage_target": 5.369003739760708,
    "loU_with_target": 0.5925297113752123,
    "RUnf_with_target": 0.20437196225632187
}