{
    "initial_real": 30.41068695258956,
    "initial_target": 30.480516314133975,
    "initial_loU": 0.9770642201834863,
    "coverage_real": 15.805704575989491,
    "coverage_target": 10.492086749879837,
    "loU_with_target": 0.6487603305785123,
    "RUnf_with_target": 0.192885626092851
}