{
    "initial_real": 22.92368861993897,
    "initial_target": 22.888367065825044,
    "initial_loU": 0.9786259541984733,
    "coverage_real": 11.423896327700698,
    "coverage_target": 7.877027713702337,
    "loU_with_target": 0.3697068403908795,
    "RUnf_with_target": 0.33571833964922
}