{
    "initial_real": 21.870693587173363,
    "initial_target": 21.458686800601804,
    "initial_loU": 0.9811320754716981,
    "coverage_real": 9.09954128574683,
    "coverage_target": 5.3816964199965485,
    "loU_with_target": 0.40995607613469986,
    "RUnf_with_target": 0.3571140370238804
}