{
    "initial_real": 23.135617944622535,
    "initial_target": 22.9590101740529,
    "initial_loU": 0.9802731411229135,
    "coverage_real": 7.7028256329269,
    "coverage_target": 7.877027713702337,
    "loU_with_target": 0.5821371610845295,
    "RUnf_with_target": 0.17246578956656508
}