{
    "initial_real": 37.17501308932134,
    "initial_target": 37.27083502342099,
    "initial_loU": 0.9942462600690449,
    "coverage_real": 20.42478165160146,
    "coverage_target": 11.302654219956558,
    "loU_with_target": 0.5279329608938548,
    "RUnf_with_target": 0.3149165764875225
}