{
    "initial_real": 21.870693587173363,
    "initial_target": 21.596022396125658,
    "initial_loU": 0.9827586206896551,
    "coverage_real": 8.960528568715825,
    "coverage_target": 5.3816964199965485,
    "loU_with_target": 0.12295081967213115,
    "RUnf_with_target": 0.9652729660604371
}