{
    "initial_real": 18.456441378098088,
    "initial_target": 18.630558749589582,
    "initial_loU": 0.9694555112881806,
    "coverage_real": 5.827122521512241,
    "coverage_target": 5.1669192994566915,
    "loU_with_target": 0.13844086021505375,
    "RUnf_with_target": 0.6532129643521594
}