{
    "initial_real": 18.50618919852423,
    "initial_target": 18.58081092916344,
    "initial_loU": 0.9694555112881806,
    "coverage_real": 8.202735353387604,
    "coverage_target": 5.1669192994566915,
    "loU_with_target": 0.38070175438596493,
    "RUnf_with_target": 0.34588704836776685
}