{
    "initial_real": 21.699024092768546,
    "initial_target": 21.458686800601804,
    "initial_loU": 0.9763406940063092,
    "coverage_real": 10.297816707303767,
    "coverage_target": 5.3816964199965485,
    "loU_with_target": 0.23348694316436253,
    "RUnf_with_target": 0.43020766236872
}