{
    "initial_real": 18.50618919852423,
    "initial_target": 18.55593701895037,
    "initial_loU": 0.9629629629629629,
    "coverage_real": 7.201516519013322,
    "coverage_target": 5.160811829835584,
    "loU_with_target": 0.07451564828614009,
    "RUnf_with_target": 1.2867469956440234
}