{
    "initial_real": 18.506189198524233,
    "initial_target": 18.58081092916344,
    "initial_loU": 0.9681274900398407,
    "coverage_real": 9.372814606517014,
    "coverage_target": 5.1669192994566915,
    "loU_with_target": 0.4421199442119944,
    "RUnf_with_target": 0.2922665742160212
}