{
    "initial_real": 21.836359688292397,
    "initial_target": 21.561688497244695,
    "initial_loU": 0.9764890282131662,
    "coverage_real": 8.67439687326306,
    "coverage_target": 5.375350079878628,
    "loU_with_target": 0.6265060240963856,
    "RUnf_with_target": 0.1684179916114498
}