{
    "initial_real": 22.92368861993897,
    "initial_target": 22.78240240348326,
    "initial_loU": 0.975609756097561,
    "coverage_real": 7.520300010273568,
    "coverage_target": 7.856487876117716,
    "loU_with_target": 0.14548238897396631,
    "RUnf_with_target": 0.7002846953857262
}