{
    "initial_real": 23.029653282280755,
    "initial_target": 22.78240240348326,
    "initial_loU": 0.974124809741248,
    "coverage_real": 11.063896105561032,
    "coverage_target": 7.856487876117716,
    "loU_with_target": 0.08238636363636363,
    "RUnf_with_target": 1.1654960611762781
}