{
    "initial_real": 18.5310631087373,
    "initial_target": 18.58081092916344,
    "initial_loU": 0.9667994687915007,
    "coverage_real": 5.131125608971177,
    "coverage_target": 5.173026769077798,
    "loU_with_target": 0.002061855670103093,
    "RUnf_with_target": 2.0663127643012684
}