{
    "initial_real": 18.456441378098088,
    "initial_target": 18.58081092916344,
    "initial_loU": 0.9693741677762983,
    "coverage_real": 8.19916722723365,
    "coverage_target": 5.1669192994566915,
    "loU_with_target": 0.5502318392581144,
    "RUnf_with_target": 0.22613598743893962
}