{
    "initial_real": 21.870693587173363,
    "initial_target": 21.52735459836373,
    "initial_loU": 0.9827044025157232,
    "coverage_real": 8.598803930950092,
    "coverage_target": 5.3816964199965485,
    "loU_with_target": 0.6071428571428571,
    "RUnf_with_target": 0.17370741895766478
}