{
    "loU_with_target": 0.20920502092050208,
    "RUnf_with_target": 0.5404280679891853,
    "coverage_rate_real": 0.5598104901474109,
    "coverage_rate_target": 0.24419367902192238
}