{
    "initial_real": 21.870693587173363,
    "initial_target": 21.52735459836373,
    "initial_loU": 0.984251968503937,
    "coverage_real": 8.014050662627897,
    "coverage_target": 5.3816964199965485,
    "loU_with_target": 0.4919236417033774,
    "RUnf_with_target": 0.2806415015620818
}