{
    "initial_real": 30.375772271817358,
    "initial_target": 30.445601633361772,
    "initial_loU": 0.9759450171821306,
    "coverage_real": 19.533514439893843,
    "coverage_target": 10.492086749879837,
    "loU_with_target": 0.5393258426966292,
    "RUnf_with_target": 0.19392437484551442
}