{
    "initial_real": 18.431567467885017,
    "initial_target": 18.58081092916344,
    "initial_loU": 0.9577278731836195,
    "coverage_real": 6.304619000695461,
    "coverage_target": 5.173026769077798,
    "loU_with_target": 0.48614958448753465,
    "RUnf_with_target": 0.23648552827057173
}