{
    "initial_real": 34.71129124163582,
    "initial_target": 34.552429496822846,
    "initial_loU": 0.9726027397260274,
    "coverage_real": 14.114933689583548,
    "coverage_target": 11.29540620933807,
    "loU_with_target": 0.6213991769547325,
    "RUnf_with_target": 0.2878249479211395
}