{
    "loU_with_target": 0.7166666666666667,
    "RUnf_with_target": 0.10006452798957899,
    "coverage_rate_real": 0.35958199634520205,
    "coverage_rate_target": 0.43106890052539903
}